id,price,bedrooms,bathrooms,location,size_cent,age_of_house,parking,floor
1,6709633,4,4,Outer,2,24,No,Second
2,9049480,5,1,City,1,4,Yes,Ground
3,9202917,3,4,City,4,25,Yes,Second
4,8058089,5,4,Outer,2,21,No,First
5,8516259,5,2,Outer,3,29,Yes,Ground
6,7459622,2,1,City,4,25,Yes,First
7,11207138,3,3,City,5,4,Yes,Second
8,6424059,3,3,Outer,1,10,Yes,First
9,9680961,3,1,Outer,5,5,Yes,Ground
10,12003314,5,3,City,4,9,Yes,First
11,9945671,4,3,City,4,24,Yes,Ground
12,8745621,3,1,Outer,4,3,Yes,Ground
13,12510414,5,4,City,5,17,No,Ground
14,9364391,2,1,City,4,3,Yes,Ground
15,10634229,4,4,Outer,5,16,No,Ground
16,9019203,2,3,Outer,4,4,Yes,Ground
17,8447318,4,3,Outer,3,18,Yes,First
18,11063865,5,3,City,4,17,No,Ground
19,9978556,1,2,City,5,7,Yes,Ground
20,6890884,4,4,Outer,2,24,No,Second
21,8272521,2,2,City,4,23,Yes,First
22,7667625,5,2,City,2,30,No,First
23,8577479,4,1,Outer,3,5,Yes,Ground
24,5633488,1,2,City,1,12,No,Ground
25,7073890,1,1,City,3,17,Yes,Ground
26,7020803,3,1,Outer,4,23,No,Ground
27,7212955,3,2,Outer,2,13,Yes,Ground
28,8420080,2,4,City,2,23,Yes,Ground
29,10149225,4,4,Outer,5,25,No,Ground
30,10639795,4,4,City,2,3,Yes,Ground
31,11855243,3,4,City,5,9,Yes,First
32,6368385,4,4,Outer,1,30,No,Ground
33,8787375,4,2,Outer,4,17,Yes,Ground
34,7293383,1,2,Outer,5,17,Yes,First
35,6175842,3,3,City,1,30,Yes,First
36,8529697,5,4,Outer,2,20,No,Ground
37,6163684,3,2,Outer,2,16,Yes,Second
38,7410287,5,3,Outer,1,25,Yes,First
39,5735385,1,4,Outer,2,22,No,Ground
40,3811180,2,1,Outer,1,13,No,Second
41,10410881,4,3,City,5,27,Yes,Second
42,8522773,1,2,City,5,19,Yes,Ground
43,6342123,4,1,Outer,1,17,Yes,Ground
44,8294173,2,1,Outer,5,4,Yes,Second
45,8924283,2,1,City,5,12,Yes,First
46,9043751,1,3,City,5,29,Yes,Ground
47,8782699,2,2,City,3,9,Yes,Ground
48,10381942,5,1,City,4,19,Yes,Ground
49,6746556,2,4,Outer,2,12,No,First
50,9169139,4,1,City,3,9,No,First
51,10881373,4,1,City,5,7,No,Ground
52,7429644,4,3,City,1,28,Yes,First
53,11398128,4,3,City,5,14,Yes,First
54,10230031,5,2,City,4,20,No,Ground
55,9831067,3,4,Outer,5,19,No,Ground
56,4038783,1,3,Outer,1,26,Yes,First
57,8739313,4,1,City,4,15,No,Second
58,8864469,2,2,City,5,16,No,First
59,8830796,4,1,City,4,21,No,First
60,6041732,2,1,Outer,2,5,No,Ground
61,8612508,2,3,City,2,3,Yes,First
62,11017997,4,2,City,5,12,Yes,First
63,9821025,5,4,Outer,4,25,No,Ground
64,6704247,2,4,City,1,20,No,Ground
65,8356141,2,3,Outer,5,27,Yes,Ground
66,9110460,4,3,City,2,21,Yes,Ground
67,8391398,2,2,City,2,4,Yes,Ground
68,8650567,2,4,Outer,5,21,No,Ground
69,9478921,4,4,Outer,4,23,No,Ground
70,8931128,4,4,Outer,2,16,Yes,Ground
71,6557687,1,1,City,4,25,Yes,Second
72,11120359,5,4,City,2,7,Yes,First
73,8200242,5,1,City,2,13,No,First
74,5186069,2,2,Outer,3,21,No,Second
75,8194256,5,1,City,2,10,No,First
76,5109209,2,2,Outer,1,26,Yes,Ground
77,10475873,1,4,City,5,7,Yes,First
78,11978883,4,4,City,5,14,Yes,First
79,8265994,4,2,Outer,4,26,Yes,First
80,7749902,4,3,Outer,2,5,No,First
81,8394150,5,2,Outer,1,3,No,Ground
82,7930844,1,3,City,4,23,No,Ground
83,8536879,5,1,City,3,29,No,Ground
84,10730153,5,1,City,4,11,Yes,First
85,6181202,1,1,Outer,4,11,No,First
86,7174777,1,4,City,2,18,No,Ground
87,5666905,1,1,City,3,15,No,Second
88,8814294,1,3,City,4,12,Yes,First
89,8391405,4,1,City,1,9,Yes,Ground
90,8019084,3,2,City,1,10,Yes,Ground
91,9728637,3,2,City,5,26,No,Ground
92,8717757,1,4,City,3,12,Yes,Ground
93,7497079,3,2,Outer,3,17,Yes,Ground
94,8489843,3,3,Outer,5,29,No,Ground
95,8521145,1,1,City,4,6,Yes,Ground
96,10763838,3,4,City,3,7,Yes,Ground
97,6051507,5,1,Outer,1,14,Yes,Second
98,6160910,2,1,City,1,13,No,Ground
99,8048398,2,3,City,2,8,Yes,First
100,6964624,1,2,City,3,10,No,First
101,9912579,4,2,City,4,9,Yes,Second
102,6499029,1,1,Outer,5,18,No,Ground
103,11709634,4,4,City,5,27,Yes,Ground
104,6424664,2,2,Outer,4,26,Yes,Second
105,7112008,1,4,City,2,2,No,Second
106,11615984,5,2,City,5,5,Yes,Second
107,9047843,3,4,City,3,29,Yes,Ground
108,10408804,4,3,City,2,5,Yes,Ground
109,8458082,3,4,Outer,3,6,No,First
110,6564371,3,3,City,1,19,Yes,Second
111,6830851,1,3,City,2,8,No,First
112,9905455,3,4,Outer,5,16,Yes,First
113,9715623,5,3,City,2,13,Yes,Ground
114,7824141,3,1,City,2,1,Yes,Second
115,6823813,1,3,City,2,22,Yes,Ground
116,9439241,5,2,City,2,20,Yes,Ground
117,7964791,2,4,Outer,3,17,Yes,First
118,7270313,3,1,City,1,7,Yes,First
119,8221222,1,4,City,4,25,No,Ground
120,7433695,2,2,City,2,13,Yes,Ground
121,9554672,2,2,Outer,5,4,Yes,First
122,9151844,4,2,City,2,4,No,Ground
123,12712786,5,3,City,5,6,Yes,First
124,7475175,3,3,Outer,3,28,Yes,Ground
125,7904617,1,4,Outer,5,19,No,First
